{"cameraMode":{"drawMode":0,"name":"Shaded","section":"Shading Mode"},"sceneLighting":false,"audioPlay":false,"sceneViewState":{"showFog":true,"showMaterialUpdate":true,"showSkybox":false,"showFlares":true,"showImageEffects":true,"showParticleSystems":true},"in2DMode":false,"pivot":{"x":682.5817260742188,"y":1845.9393310546875,"z":841.901123046875},"rotation":{"x":0.06566815078258515,"y":-0.012861590832471848,"z":0.0011841963278129697,"w":0.9977942705154419},"size":1090.196533203125,"orthographic":false}