{"cameraMode":{"drawMode":0,"name":"Shaded","section":"Shading Mode"},"sceneLighting":false,"audioPlay":false,"sceneViewState":{"showFog":true,"showMaterialUpdate":false,"showSkybox":false,"showFlares":true,"showImageEffects":true,"showParticleSystems":true},"in2DMode":false,"pivot":{"x":-0.12998312711715699,"y":0.2849041819572449,"z":-0.2906942069530487},"rotation":{"x":0.04966126009821892,"y":-0.9502423405647278,"z":0.2243969738483429,"w":0.21029502153396607},"size":0.39630812406539919,"orthographic":false}