{"cameraMode":{"drawMode":0,"name":"Shaded","section":"Shading Mode"},"sceneLighting":false,"audioPlay":false,"sceneViewState":{"showFog":true,"showMaterialUpdate":true,"showSkybox":false,"showFlares":true,"showImageEffects":true,"showParticleSystems":true},"in2DMode":false,"pivot":{"x":557.53271484375,"y":2520.35107421875,"z":1016.4808349609375},"rotation":{"x":0.11606664955615998,"y":-0.034259743988513949,"z":0.004005576949566603,"w":0.9926430583000183},"size":1196.575927734375,"orthographic":false}