{"cameraMode":{"drawMode":0,"name":"Shaded","section":"Shading Mode"},"sceneLighting":false,"audioPlay":false,"sceneViewState":{"showFog":true,"showMaterialUpdate":true,"showSkybox":false,"showFlares":true,"showImageEffects":true,"showParticleSystems":true},"in2DMode":false,"pivot":{"x":0.23481211066246034,"y":-0.5580768585205078,"z":-0.9029827117919922},"rotation":{"x":0.412605881690979,"y":0.01776106096804142,"z":-0.00804687850177288,"w":0.9107024669647217},"size":7.196716785430908,"orthographic":false}