{"cameraMode":{"drawMode":0,"name":"Shaded","section":"Shading Mode"},"sceneLighting":false,"audioPlay":false,"sceneViewState":{"showFog":true,"showMaterialUpdate":false,"showSkybox":false,"showFlares":true,"showImageEffects":true,"showParticleSystems":true},"in2DMode":false,"pivot":{"x":-0.7787463665008545,"y":-0.9176039695739746,"z":-2.879425525665283},"rotation":{"x":0.035486988723278049,"y":-0.9627801179885864,"z":0.21670882403850556,"w":0.15764182806015016},"size":1.993006944656372,"orthographic":false}